{
    "cameras": {
        "0": {
            "calib": {
                "extrinsics": [
                    [
                        0.8347117314874947,
                        0.5503055219430975,
                        0.02049775197636017,
                        74.77343769175135
                    ],
                    [
                        0.17448997373214975,
                        -0.2289981499646594,
                        -0.9576602196915749,
                        384.8574858215268
                    ],
                    [
                        -0.5223117597604928,
                        0.8029468723593733,
                        -0.2871702383329414,
                        310.6046419709469
                    ]
                ],
                "intrinsics": [
                    [
                        703.5507506312294,
                        0.0,
                        614.5424448217317
                    ],
                    [
                        0.0,
                        703.5507506312294,
                        440.92888585658955
                    ],
                    [
                        0.0,
                        0.0,
                        1.0
                    ]
                ],
                "size": [
                    1228.0,
                    880.0
                ]
            },
            "observations": {
                "0": [
                    592.0782996651625,
                    781.1358952804758
                ],
                "1": [
                    488.51399369517253,
                    771.1859814494003
                ],
                "10": [
                    200.01608587241603,
                    501.95443884760664
                ],
                "11": [
                    82.24905372555284,
                    598.698901017451
                ],
                "12": [
                    838.1559286715358,
                    618.8282989948577
                ],
                "13": [
                    990.2647325459878,
                    701.383185395858
                ],
                "14": [
                    1107.8545002229343,
                    749.2829746374567
                ],
                "15": [
                    1030.6303730066516,
                    558.9149363129709
                ],
                "16": [
                    1015.9139277480392,
                    545.5590069564358
                ],
                "17": [
                    803.8851134697012,
                    372.44598195970394
                ],
                "18": [
                    495.31468976870366,
                    341.0109903825618
                ],
                "2": [
                    246.1121645818038,
                    512.9070538752435
                ],
                "3": [
                    493.33187013020137,
                    362.23895907911464
                ],
                "4": [
                    974.2260363021669,
                    542.1199567986683
                ],
                "5": [
                    955.3210461191103,
                    736.5142385694332
                ],
                "6": [
                    194.9888230848937,
                    587.1023678406212
                ],
                "7": [
                    812.2363352888415,
                    351.42657841904304
                ],
                "9": [
                    879.2972647621312,
                    404.4506325232644
                ]
            }
        }
    },
    "worldPoints": {
        "0": [
            5.789000034332275,
            -163.38900756835938,
            412.7879943847656
        ],
        "1": [
            -1.7419999837875366,
            -167.60400390625,
            413.0450134277344
        ],
        "10": [
            -86.75800323486328,
            -147.56300354003906,
            410.52301025390625
        ],
        "11": [
            -65.822998046875,
            -172.79600524902344,
            410.510009765625
        ],
        "12": [
            13.904000282287598,
            -121.34700012207031,
            410.1549987792969
        ],
        "13": [
            31.792999267578125,
            -128.60499572753906,
            410.2250061035156
        ],
        "14": [
            41.83300018310547,
            -130.8489990234375,
            410.6919860839844
        ],
        "15": [
            32.72800064086914,
            -88.5,
            410.6969909667969
        ],
        "16": [
            30.468000411987305,
            -84.46499633789063,
            410.70599365234375
        ],
        "17": [
            -43.345001220703125,
            32.70800018310547,
            410.7070007324219
        ],
        "18": [
            -169.82200622558594,
            15.85200023651123,
            410.7510070800781
        ],
        "2": [
            -65.47100067138672,
            -151.20599365234375,
            414.96600341796875
        ],
        "3": [
            -138.0229949951172,
            -19.75,
            410.5220031738281
        ],
        "4": [
            24.905000686645508,
            -86.66300201416016,
            410.5979919433594
        ],
        "5": [
            29.641000747680664,
            -136.5749969482422,
            410.2539978027344
        ],
        "6": [
            -58.608001708984375,
            -162.7830047607422,
            409.99200439453125
        ],
        "7": [
            -55.49100112915039,
            78.21399688720703,
            410.8399963378906
        ],
        "8": [
            -102.81900024414063,
            -175.46099853515625,
            419.28900146484375
        ],
        "9": [
            -10.069999694824219,
            -1.3969999551773071,
            411.0220031738281
        ]
    }
}